{"cameraMode":{"drawMode":0,"name":"Shaded","section":"Shading Mode"},"sceneLighting":true,"audioPlay":false,"sceneViewState":{"m_AlwaysRefresh":false,"showFog":true,"showSkybox":true,"showFlares":true,"showImageEffects":true,"showParticleSystems":true,"showVisualEffectGraphs":true,"m_FxEnabled":true},"in2DMode":false,"pivot":{"x":1830.8917236328125,"y":1005.6778564453125,"z":130.2250213623047},"rotation":{"x":0.05486972630023956,"y":-0.008089322596788407,"z":0.0004806856741197407,"w":0.9984206557273865},"size":237.88882446289063,"orthographic":false}