{"cameraMode":{"drawMode":0,"name":"Shaded","section":"Shading Mode"},"sceneLighting":false,"audioPlay":false,"sceneViewState":{"m_AlwaysRefresh":false,"showFog":true,"showSkybox":false,"showFlares":true,"showImageEffects":true,"showParticleSystems":true,"showVisualEffectGraphs":true,"m_FxEnabled":true},"in2DMode":false,"pivot":{"x":-0.07535970956087113,"y":2.537992000579834,"z":-1.05576491355896},"rotation":{"x":-0.39739200472831728,"y":0.06567028164863587,"z":-0.028617367148399354,"w":-0.9148353934288025},"size":0.2551061809062958,"orthographic":false}