{"cameraMode":{"drawMode":0,"name":"Shaded","section":"Shading Mode"},"sceneLighting":false,"audioPlay":false,"sceneViewState":{"m_AlwaysRefresh":false,"showFog":true,"showSkybox":false,"showFlares":true,"showImageEffects":true,"showParticleSystems":true,"showVisualEffectGraphs":true,"m_FxEnabled":true},"in2DMode":false,"pivot":{"x":0.0014199018478393555,"y":0.35811206698417666,"z":0.0028479397296905519},"rotation":{"x":-0.458233505487442,"y":-0.3236643970012665,"z":0.1836186796426773,"w":-0.8071519732475281},"size":0.595090925693512,"orthographic":false}